{"cameraMode":{"drawMode":0,"name":"Shaded","section":"Shading Mode"},"sceneLighting":true,"audioPlay":false,"sceneViewState":{"showFog":true,"showMaterialUpdate":false,"showSkybox":true,"showFlares":true,"showImageEffects":true,"showParticleSystems":true},"in2DMode":false,"pivot":{"x":-0.03997812047600746,"y":-0.0089682936668396,"z":-0.03725448250770569},"rotation":{"x":-0.5484697222709656,"y":-0.02457886002957821,"z":0.01613021455705166,"w":-0.8356672525405884},"size":0.3393603563308716,"orthographic":false}